family,model,configuration,channels,n_channels,folds,balanced_accuracy,sensitivity_recall,specificity,f1,roc_auc
Classical,Logistic Regression,O1,O1,1,30,0.6577304373226348,0.522264917162267,0.8066074055531623,0.341052113147231,0.7217038177691165
Classical,Random Forest,O1,O1,1,30,0.6546876531254362,0.3866213726207812,0.9325216162943462,0.34385423335129206,0.6931758975424507
Classical,Logistic Regression,O1-O2,"O1,O2",2,30,0.6535925601868503,0.5132466900057678,0.8078605588845756,0.3329708699273223,0.7168368305627697
Classical,Random Forest,O1-O2,"O1,O2",2,30,0.6535703349065052,0.37659237834139964,0.9401958183002058,0.34441011221376316,0.681635096071999
Classical,Logistic Regression,C3-C4-O1-O2,"C3,C4,O1,O2",4,30,0.6485921916611253,0.4982052136464158,0.8101802768962107,0.34049761246865623,0.7304567974793345
Classical,Random Forest,C3-C4-O1-O2,"C3,C4,O1,O2",4,30,0.6550573280978379,0.3644504091994239,0.9540662366137931,0.35001459946376606,0.7137338986918915
EEGNet,EEGNet,O1,O1,1,30,0.6546579308227257,0.5279817249770601,0.7971224560085958,0.3431378809991339,0.7583829647496062
EEGNet,EEGNet,O1-O2,"O1,O2",2,30,0.6361632010521013,0.5021716740502871,0.7863448762482493,0.32757434174098005,0.7267183668530656
EEGNet,EEGNet,C3-C4-O1-O2,"C3,C4,O1,O2",4,30,0.6486478759107001,0.47173114452615933,0.8426269115025444,0.3045554528531785,0.7465548398704044
